{"cameraMode":{"drawMode":0,"name":"Shaded","section":"Shading Mode"},"sceneLighting":true,"audioPlay":false,"sceneViewState":{"showFog":false,"showMaterialUpdate":false,"showSkybox":true,"showFlares":false,"showImageEffects":true,"showParticleSystems":true},"in2DMode":false,"pivot":{"x":16.837810516357423,"y":1.6137886047363282,"z":20.458587646484376},"rotation":{"x":0.11784259229898453,"y":0.10734474658966065,"z":-0.012802716344594956,"w":0.9871830344200134},"size":15.805779457092286,"orthographic":false}