{"cameraMode":{"drawMode":0,"name":"Shaded","section":"Shading Mode"},"sceneLighting":true,"audioPlay":false,"sceneViewState":{"showFog":false,"showMaterialUpdate":false,"showSkybox":true,"showFlares":false,"showImageEffects":true,"showParticleSystems":true},"in2DMode":false,"pivot":{"x":316.8897705078125,"y":147.80657958984376,"z":-105.17301940917969},"rotation":{"x":-0.19230762124061585,"y":0.7509828209877014,"z":-0.2487090528011322,"w":-0.5806774497032166},"size":1101.9373779296875,"orthographic":false}