{"cameraMode":{"drawMode":0,"name":"Shaded","section":"Shading Mode"},"sceneLighting":true,"audioPlay":false,"sceneViewState":{"showFog":false,"showMaterialUpdate":false,"showSkybox":true,"showFlares":false,"showImageEffects":true,"showParticleSystems":true},"in2DMode":false,"pivot":{"x":16.216596603393556,"y":0.48563432693481448,"z":20.022518157958986},"rotation":{"x":0.028769154101610185,"y":0.05127062276005745,"z":-0.0014672820689156652,"w":0.9983200430870056},"size":18.859588623046876,"orthographic":false}